run_date,store,domain,type,title,handle,url,rank_now,rank_before,delta,pct_gain,weighted_score,climb_streak_days,price,vendor,product_created,image
2026-10-05,Avery Lane Brighton,averylanebrighton.com,stijger,Kaitlyssa | Elegant Jumper,kaitlyssa-elegant-sweater,https://averylanebrighton.com/products/kaitlyssa-elegant-sweater,296,328,32,9.8,1.86,1,34.95,Avery Lane Brighton,2026-07-06,https://cdn.shopify.com/s/files/1/0739/9948/2949/files/Enkel_1_bf02e384-7ffa-4284-b254-e844a8273fe6.png?v=1783337665
2026-10-05,Avery Lane Brighton,averylanebrighton.com,stijger,Maddie | Women's Black Lace-Up Comfort Sneakers with Metallic Accents,maddie-orthopaedic-sneakers,https://averylanebrighton.com/products/maddie-orthopaedic-sneakers,155,168,13,7.7,1.04,2,29.95,Avery Lane Brighton,2026-07-06,https://cdn.shopify.com/s/files/1/0739/9948/2949/files/MaddieWomen_sBlackLace-UpComfortSneakerswithMetallicAccents_3_816abae9-32b6-4d2e-9618-e1db4da68f0e.png?v=1790578004
2026-10-05,By Emilia Rose,byemiliarose.com,stijger,Women's Tailored Blazer Suit Set with Straight Leg Trousers,womens-tailored-blazer-suit-set-with-straight-leg-trousers,https://byemiliarose.com/products/womens-tailored-blazer-suit-set-with-straight-leg-trousers,159,750,591,78.8,46.87,3,25.0,Emilia,2026-09-28,https://cdn.shopify.com/s/files/1/0898/4746/4277/files/allegra-womens-business-casual-blazer-suit-set-2.png?v=1790653911
2026-10-05,By Emilia Rose,byemiliarose.com,stijger,Women's Orthopaedic Sandals with Flat Sole for Summer,womens-orthopaedic-sandals-with-flat-sole-for-summer,https://byemiliarose.com/products/womens-orthopaedic-sandals-with-flat-sole-for-summer,215,227,12,5.3,0.82,1,71.0,Emilia Rose,2026-07-08,https://cdn.shopify.com/s/files/1/0898/4746/4277/files/Women_sOrthopaedicSandalswithFlatSoleforSummer_4.png?v=1783334494
2026-10-05,By Seabourne,byseabourne.com,stijger,Marjorie%E2%84%A2 Elegant Blouse With Geometric Pattern,marjorie%E2%84%A2-elegant-blouse-with-geometric-pattern,https://byseabourne.com/products/marjorie%E2%84%A2-elegant-blouse-with-geometric-pattern,205,241,36,14.9,2.51,1,,,,
2026-10-05,By Seabourne,byseabourne.com,stijger,Solange Womens Abstract Print Midi Dress,solange-womens-abstract-print-midi-dress,https://byseabourne.com/products/solange-womens-abstract-print-midi-dress,292,327,35,10.7,2.05,1,,,,
2026-10-05,By Seabourne,byseabourne.com,stijger,Anne™ | Relaxed Capri Pants,anne-relaxed-capri-pants,https://byseabourne.com/products/anne-relaxed-capri-pants,150,166,16,9.6,1.31,1,74.95,SEABOURNE,2025-10-16,https://cdn.shopify.com/s/files/1/0952/6175/3687/files/791dfe7e-c5c4-4fb2-8e76-b4b53b2cac84.jpg?v=1760564869
2026-10-05,By Seabourne,byseabourne.com,stijger,Solveig Classic Handbag,solveig-classic-handbag,https://byseabourne.com/products/solveig-classic-handbag,214,229,15,6.6,1.03,1,,,,
2026-10-05,Elle Charleston,elle-charleston.com,stijger,Oliver Mens Vintage Long Sleeve Relaxed Fit Polo Shirt,oliver-mens-vintage-long-sleeve-relaxed-fit-polo-shirt,https://elle-charleston.com/products/oliver-mens-vintage-long-sleeve-relaxed-fit-polo-shirt,279,304,25,8.2,1.5,1,,,,
2026-10-05,Elle Charleston,elle-charleston.com,stijger,Aria | Women's UPF 50 Long Sleeve Hiking Shirt Roll-Up Safari,aria-womens-upf-50-long-sleeve-hiking-shirt-roll-up-safari,https://elle-charleston.com/products/aria-womens-upf-50-long-sleeve-hiking-shirt-roll-up-safari,282,297,15,5.1,0.89,1,52.95,Jennifer & John Charleston,2026-07-04,https://cdn.shopify.com/s/files/1/0959/2776/3327/files/womens-upf-50-long-sleeve-hiking-shirt-roll-up-safari-1.jpg?v=1779450369
2026-10-05,Haus of Mode,hausofmode.de,nieuw,"2-in-1 Damenrasierer für glatte, sanft gepflegte Haut",2-in-1-damenrasierer-fuer-glatte-sanft-gepflegte-haut,https://hausofmode.de/products/2-in-1-damenrasierer-fuer-glatte-sanft-gepflegte-haut,42,,,,,,39.95,,2026-10-05,https://cdn.shopify.com/s/files/1/0765/0125/4469/files/9297e77e-ac1e-4d16-9617-4ef72f8026b2_thumbnail_04fee396-11be-40c0-a970-11f7f57838c1.webp?v=1790566696
2026-10-05,Jessica by Bee,jessicabybee.com,stijger,Women's Collarless Blazer Long-Line Single-Breasted,womens-collarless-blazer-long-line-single-breasted,https://jessicabybee.com/products/womens-collarless-blazer-long-line-single-breasted,264,441,177,40.1,10.89,3,19.95,Jessica By Bee,2026-09-25,https://cdn.shopify.com/s/files/1/0684/9105/1121/files/Mode-Lente-Traf-Damesjack-25-34-Massief-Polyester-Katoen-Non-Strech-Lange-Mouw-Kantoor-Lady-Blazers.jpg_640x640_468a1deb-5c44-44c8-9cb2-0ffc56323a9e.webp?v=1790295141
2026-10-05,Jessica by Bee,jessicabybee.com,stijger,Amiel | Light Floral Maxi Dress,amiel-light-floral-maxi-dress,https://jessicabybee.com/products/amiel-light-floral-maxi-dress,170,194,24,12.4,1.84,1,49.95,Jessica By Bee,2026-07-06,https://cdn.shopify.com/s/files/1/0684/9105/1121/files/1_92d0b17a-2fe8-45de-ad6d-c28e8e369c1a.png?v=1783321145
2026-10-05,Jessica by Bee,jessicabybee.com,stijger,Jonah | Coastal Midi Dress,jonah-coastal-midi-dress,https://jessicabybee.com/products/jonah-coastal-midi-dress,165,183,18,9.8,1.4,1,34.95,Jessica By Bee,2026-07-06,https://cdn.shopify.com/s/files/1/0684/9105/1121/files/1_690d603a-2370-4cc4-8fdb-683cf4ac22be.png?v=1783321864
2026-10-05,Jessica by Bee,jessicabybee.com,stijger,Camelo | Floral Print Long Sleeve Tiered Maxi Dress,camelo-floral-print-long-sleeve-tiered-maxi-dress,https://jessicabybee.com/products/camelo-floral-print-long-sleeve-tiered-maxi-dress,133,150,17,11.3,1.47,1,34.95,Jessica By Bee,2026-07-06,https://cdn.shopify.com/s/files/1/0684/9105/1121/files/1_ae740732-4965-4c96-9f37-97cceb8cdad5.png?v=1783331153
2026-10-05,Jessica by Bee,jessicabybee.com,stijger,Avenor | V Neck Soft Structure Midi Dress,avenor-v-neck-soft-structure-midi-dress,https://jessicabybee.com/products/avenor-v-neck-soft-structure-midi-dress,123,139,16,11.5,1.44,1,39.95,Jessica By Bee,2026-07-06,https://cdn.shopify.com/s/files/1/0684/9105/1121/files/1_ca461c07-6cf9-48e5-9691-f71a6be07609.png?v=1783331402
2026-10-05,Leon Boutique,leonboutique.co,stijger,Maximilian Herren Vintage Biker Quilted Jacket Echtleder Reiverschluss,maximilian-herren-vintage-biker-quilted-jacket-echtleder-reiverschluss,https://leonboutique.co/products/maximilian-herren-vintage-biker-quilted-jacket-echtleder-reiverschluss,296,346,50,14.5,2.91,5,,,,
2026-10-05,Leon Boutique,leonboutique.co,stijger,Luisa Damen Wildleder Westernstiefel Fr Einen Stilvollen Look Mit Niedrigem Absatz,luisa-damen-wildleder-westernstiefel-fr-einen-stilvollen-look-mit-niedrigem-absatz,https://leonboutique.co/products/luisa-damen-wildleder-westernstiefel-fr-einen-stilvollen-look-mit-niedrigem-absatz,284,328,44,13.4,2.61,5,,,,
2026-10-05,Leon Boutique,leonboutique.co,stijger,Kimberly Damen Sommer Abend Party Kleid Mit Pailletten,kimberly-damen-sommer-abend-party-kleid-mit-pailletten,https://leonboutique.co/products/kimberly-damen-sommer-abend-party-kleid-mit-pailletten,214,235,21,8.9,1.44,3,,,,
2026-10-05,Leon Boutique,leonboutique.co,stijger,Matthias Herren Fruhlings Jeans Mit Weiter Passform Und Geradem Schnitt,matthias-herren-fruhlings-jeans-mit-weiter-passform-und-geradem-schnitt,https://leonboutique.co/products/matthias-herren-fruhlings-jeans-mit-weiter-passform-und-geradem-schnitt,261,278,17,6.1,1.05,3,,,,
2026-10-05,Leon Boutique,leonboutique.co,stijger,Richard Herren Zweiteiliger Massgeschneiderter Anzug,richard-herren-zweiteiliger-massgeschneiderter-anzug,https://leonboutique.co/products/richard-herren-zweiteiliger-massgeschneiderter-anzug,293,303,10,3.3,0.58,2,,,,
